label,area,centroid-0,centroid-1,perimeter,axis_major_length,axis_minor_length
1,643.0,237.40435458786936,157.25816485225505,98.76955262170047,38.519357731972455,21.431317742403472
2,1203.0,302.4355777223608,183.06234413965086,130.71067811865476,41.69728492724613,37.388093244853586
3,1882.0,327.33528161530285,247.56695005313497,182.99494936611666,74.27355706439961,32.754389006138496
4,936.0,371.892094017094,235.2895299145299,117.74011537017762,38.93105829107442,30.99943254473781
