label,area,centroid-0,centroid-1,perimeter,axis_major_length,axis_minor_length
1,76.0,239.47368421052633,390.5,30.727922061357855,11.748251183032234,8.263371181403867
