label,area,centroid-0,centroid-1,perimeter,axis_major_length,axis_minor_length
1,352.0,14.829545454545455,22.50284090909091,72.18376618407356,23.4201435019536,19.756128174704134
