label,area,centroid-0,centroid-1,perimeter,axis_major_length,axis_minor_length
1,63.0,253.28571428571428,52.44444444444444,27.31370849898476,9.58070162663616,8.537353056310153
2,55.0,265.90909090909093,56.2,26.485281374238568,10.281528778403427,6.906500760567659
3,82.0,272.1341463414634,65.34146341463415,34.692388155425114,13.097275152724544,8.226406090205783
4,59.0,283.77966101694915,144.71186440677965,28.14213562373095,10.665423624085857,7.078820411141211
5,183.0,302.448087431694,90.34972677595628,51.45584412271571,18.620718357216983,12.769967377743164
6,75.0,315.62666666666667,80.09333333333333,32.72792206135786,13.677310652534503,7.229690018148126
7,118.0,321.5508474576271,49.96610169491525,44.384776310850235,19.32073612651066,7.811676128790917
8,126.0,335.23809523809524,65.46031746031746,46.384776310850235,19.441017335722638,8.595145430549048
