label,area,centroid-0,centroid-1,perimeter,axis_major_length,axis_minor_length
1,210.0,48.352380952380955,375.1666666666667,59.698484809834994,23.885803252617553,11.602506347515526
2,171.0,56.12865497076023,359.7309941520468,59.35533905932738,27.10020307211613,8.20595028232717
3,2332.0,87.72512864493997,367.20926243567754,224.10764773832474,85.68795425632787,37.296289009433806
4,154.0,91.27272727272727,334.2857142857143,46.384776310850235,16.056599414676494,13.047408351410532
5,415.0,110.78072289156627,352.7132530120482,88.76955262170047,34.009076675747316,17.2412078718445
6,618.0,331.68284789644014,238.6229773462783,103.74011537017762,39.31640688490483,20.975093993271276
7,473.0,353.0169133192389,220.20718816067654,79.698484809835,27.586486563148913,22.22322024845987
8,348.0,360.7557471264368,258.8074712643678,77.94112549695427,25.426026200861738,20.42461665362008
