label,area,centroid-0,centroid-1,perimeter,axis_major_length,axis_minor_length
1,868.0,310.2315668202765,94.15207373271889,120.5685424949238,44.31618765064787,25.73723221327857
2,650.0,332.32,77.00153846153846,131.01219330881975,58.81564512890856,15.247846891146855
3,77.0,342.961038961039,41.922077922077925,32.72792206135786,12.404156779978651,8.330190931171934
4,399.0,349.02255639097746,100.64411027568923,74.04163056034261,24.37224452695867,20.9806961889479
5,1880.0,359.80744680851063,48.36702127659574,206.71067811865476,90.92120136141712,27.56067663776356
