label,area,centroid-0,centroid-1,perimeter,axis_major_length,axis_minor_length
1,25.0,18.76,346.08,16.82842712474619,6.682605766394859,4.971798484547234
2,84.0,39.54761904761905,333.5833333333333,33.89949493661167,13.988447183534113,7.927333711273529
